{
    "loss": 0.623794436454773,
    "accuracy": 0.9224137663841248
}